{
    "type": "APL",
    "version": "1.1",
    "settings": {},
    "theme": "dark",
    "import": [],
    "resources": [],
    "styles": {},
    "onMount": [],
    "graphics": {},
    "commands": {},
    "layouts": {},
    "mainTemplate": {
        "parameters": [
            "payload"
        ],
        "items": [
            {
                "type": "Container",
                "items": [
                    {
                        "type": "Video",
                        "width": "100%",
                        "height": "100%",
                        "autoplay": true,
                        "source": "",
                        "scale": "best-fit",
                        "onEnd": [
                            {
                                "type": "SendEvent",
                                "arguments": [
                                "VIDEOENDED"
                                ],
                                "components": [
                                "idForTheTextComponent"
                                ]
                            }
                        ]
                    }
                ],
                "height": "100%",
                "width": "100%"
            }
        ]
    }
}